term_months,horizon,survival,n,is_mature,issue_quarter
36,12,0.9269832898993775,190,True,2007Q3
36,24,0.8109504750512313,190,True,2007Q3
36,36,0.7579070469897399,190,True,2007Q3
36,12,0.8842609779268616,389,True,2007Q4
36,24,0.734551351247558,389,True,2007Q4
36,36,0.6675478098379194,389,True,2007Q4
36,12,0.8946483945083332,1011,True,2008Q1
36,24,0.7963782397103252,1011,True,2008Q1
36,36,0.7399042282559651,1011,True,2008Q1
36,12,0.903094020752415,498,True,2008Q2
36,24,0.8061173539884807,498,True,2008Q2
36,36,0.7483909861714014,498,True,2008Q2
36,12,0.9233182134340037,298,True,2008Q3
36,24,0.8339532536282783,298,True,2008Q3
36,36,0.8005112030739329,298,True,2008Q3
36,12,0.9181437761264587,583,True,2008Q4
36,24,0.8399403366632869,583,True,2008Q4
36,36,0.7992179859571608,583,True,2008Q4
36,12,0.937139734548822,895,True,2009Q1
36,24,0.8759934270058349,895,True,2009Q1
36,36,0.8364784050499318,895,True,2009Q1
36,12,0.9392495215155846,1094,True,2009Q2
36,24,0.8738610107347509,1094,True,2009Q2
36,36,0.8331077699932897,1094,True,2009Q2
36,12,0.9478828886317898,1361,True,2009Q3
36,24,0.8843563145398539,1361,True,2009Q3
36,36,0.846364312340853,1361,True,2009Q3
36,12,0.9323710801594232,1915,True,2009Q4
36,24,0.8798934613388036,1915,True,2009Q4
36,36,0.8294710744133997,1915,True,2009Q4
36,12,0.9519913877233905,2162,True,2010Q1
36,24,0.9048571000727159,2162,True,2010Q1
36,36,0.8587335160178518,2162,True,2010Q1
36,12,0.9491298856776081,2353,True,2010Q2
36,24,0.9023580972623862,2353,True,2010Q2
36,36,0.8545187276244152,2353,True,2010Q2
36,12,0.9614079420560848,2229,True,2010Q3
36,24,0.914994506898214,2229,True,2010Q3
36,36,0.8706946453839796,2229,True,2010Q3
36,12,0.9609003353742138,2390,True,2010Q4
36,24,0.9174885265745484,2390,True,2010Q4
36,36,0.8759276272219091,2390,True,2010Q4
36,12,0.9655172251664127,2614,True,2011Q1
36,24,0.923887114198961,2614,True,2011Q1
36,36,0.8826569493449594,2614,True,2011Q1
36,12,0.9610993597247465,3154,True,2011Q2
36,24,0.9064909890612517,3154,True,2011Q2
36,36,0.8669795595440739,3154,True,2011Q2
36,12,0.9581375509859812,3945,True,2011Q3
36,24,0.9079652063443173,3945,True,2011Q3
36,36,0.8655342430802517,3945,True,2011Q3
36,12,0.9549623449584987,4364,True,2011Q4
36,24,0.8977463095670855,4364,True,2011Q4
36,36,0.8547092272769106,4364,True,2011Q4
36,12,0.9490970185566477,6484,True,2012Q1
36,24,0.8851131875258893,6484,True,2012Q1
36,36,0.8354545124491626,6484,True,2012Q1
36,12,0.9455142163429063,8464,True,2012Q2
36,24,0.8753674968007039,8464,True,2012Q2
36,36,0.8209847626774885,8464,True,2012Q2
36,12,0.9420663956966847,13312,True,2012Q3
36,24,0.8733798180222415,13312,True,2012Q3
36,36,0.820308196563735,13312,True,2012Q3
36,12,0.9514826957380335,15158,True,2012Q4
36,24,0.887505288880767,15158,True,2012Q4
36,36,0.8338658318494993,15158,True,2012Q4
36,12,0.9551047244837226,17974,True,2013Q1
36,24,0.8852296841017867,17974,True,2013Q1
36,36,0.8344484514001141,17974,True,2013Q1
36,12,0.9540302999688782,23120,True,2013Q2
36,24,0.8837256672965816,23120,True,2013Q2
36,36,0.8266318031717579,23120,True,2013Q2
36,12,0.9549168098484954,27287,True,2013Q3
36,24,0.8861850899529921,27287,True,2013Q3
36,36,0.8352118830629155,27287,True,2013Q3
36,12,0.957877079005678,31959,True,2013Q4
36,24,0.8888950641108242,31959,True,2013Q4
36,36,0.8325477109344595,31959,True,2013Q4
36,12,0.9570372300081543,34053,True,2014Q1
36,24,0.8807883269512514,34053,True,2014Q1
36,36,0.8205992731776955,34053,True,2014Q1
36,12,0.9516573041735763,37863,True,2014Q2
36,24,0.875307134865842,37863,True,2014Q2
36,36,0.8088843670009215,37863,True,2014Q2
36,12,0.9486098956933638,40568,True,2014Q3
36,24,0.8690205134784004,40568,True,2014Q3
36,36,0.8090212100968128,40568,True,2014Q3
36,12,0.9455631983728011,49967,True,2014Q4
36,24,0.8599725081525039,49967,True,2014Q4
36,36,0.7982228383930738,49967,True,2014Q4
36,12,0.9469578198869877,56471,True,2015Q1
36,24,0.8585444044438819,56471,True,2015Q1
36,36,0.7959157984916183,56471,True,2015Q1
36,12,0.9433072679366921,64026,True,2015Q2
36,24,0.8566528831040059,64026,True,2015Q2
36,36,0.7920798156205049,64026,True,2015Q2
36,12,0.9443119245951975,73282,True,2015Q3
36,24,0.8620279165484612,73282,True,2015Q3
36,36,0.8031672960389622,73282,True,2015Q3
36,12,0.9415865269600181,88498,True,2015Q4
36,24,0.8600126598473036,88498,True,2015Q4
36,36,0.798722340086223,88498,True,2015Q4
36,12,0.9368317758498171,95651,True,2016Q1
36,24,0.8539316529806995,95651,True,2016Q1
36,36,0.7999833054726565,95651,True,2016Q1
36,12,0.9314680797045337,73802,True,2016Q2
36,24,0.846173730271414,73802,True,2016Q2
36,36,0.8036413866944709,73802,False,2016Q2
36,12,0.927111857162444,73313,True,2016Q3
36,24,0.8379049608510338,73313,True,2016Q3
36,36,0.8087983071531241,73313,False,2016Q3
36,12,0.9319545503782674,78412,True,2016Q4
36,24,0.8530771067112447,78412,True,2016Q4
36,36,0.8436441352112146,78412,False,2016Q4
36,12,0.9396721861670728,71883,True,2017Q1
36,24,0.8769516312220998,71883,True,2017Q1
36,36,0.873874712485883,71883,False,2017Q1
36,12,0.9355155387758142,76546,True,2017Q2
36,24,0.8904024038375731,76546,False,2017Q2
36,36,0.8904024038375731,76546,False,2017Q2
36,12,0.9354498246271827,87570,True,2017Q3
36,24,0.9128886966305448,87570,False,2017Q3
36,36,0.9128886966305448,87570,False,2017Q3
36,12,0.9448631224971815,82135,True,2017Q4
36,24,0.9413116117084915,82135,False,2017Q4
36,36,0.9413116117084915,82135,False,2017Q4
36,12,0.9638307037381537,74840,True,2018Q1
36,24,0.9633222684797071,74840,False,2018Q1
36,36,0.9633222684797071,74840,False,2018Q1
36,12,0.9779415709111394,90850,False,2018Q2
36,24,0.9779415709111394,90850,False,2018Q2
36,36,0.9779415709111394,90850,False,2018Q2
36,12,0.993326120554123,89080,False,2018Q3
36,24,0.993326120554123,89080,False,2018Q3
36,36,0.993326120554123,89080,False,2018Q3
36,12,0.9994711547056594,87593,False,2018Q4
36,24,0.9994711547056594,87593,False,2018Q4
36,36,0.9994711547056594,87593,False,2018Q4
60,12,0.9132738223337722,645,True,2010Q2
60,24,0.8258780276098496,645,True,2010Q2
60,36,0.7747905916691393,645,True,2010Q2
60,12,0.9402029580902327,1335,True,2010Q3
60,24,0.8671769303786964,1335,True,2010Q3
60,36,0.7999360383399577,1335,True,2010Q3
60,12,0.9357257248059399,1397,True,2010Q4
60,24,0.8622367585148323,1397,True,2010Q4
60,36,0.8089671650571368,1397,True,2010Q4
60,12,0.9409573117571144,1507,True,2011Q1
60,24,0.8661820255615333,1507,True,2011Q1
60,36,0.804745007340916,1507,True,2011Q1
60,12,0.9301315870163906,1937,True,2011Q2
60,24,0.8463708279356672,1937,True,2011Q2
60,36,0.7872071873626024,1937,True,2011Q2
60,12,0.9253200934685215,1918,True,2011Q3
60,24,0.8455284000572473,1918,True,2011Q3
60,36,0.78276603134033,1918,True,2011Q3
60,12,0.921558485579693,2244,True,2011Q4
60,24,0.8326327700558319,2244,True,2011Q4
60,36,0.759996784255677,2244,True,2011Q4
60,12,0.9151585860261462,1574,True,2012Q1
60,24,0.8198361659875741,1574,True,2012Q1
60,36,0.7148563460005507,1574,True,2012Q1
60,12,0.9212443473884515,1975,True,2012Q2
60,24,0.7944482179287484,1975,True,2012Q2
60,36,0.7152765332152391,1975,True,2012Q2
60,12,0.9226855744852659,2810,True,2012Q3
60,24,0.8203569282321673,2810,True,2012Q3
60,36,0.7278452184955811,2810,True,2012Q3
60,12,0.9234595257411544,3529,True,2012Q4
60,24,0.8183861880383649,3529,True,2012Q4
60,36,0.7290792217096519,3529,True,2012Q4
60,12,0.938352641231198,4716,True,2013Q1
60,24,0.8491091891942886,4716,True,2013Q1
60,36,0.760310046586379,4716,True,2013Q1
60,12,0.9279460175089126,7530,True,2013Q2
60,24,0.8262265357835034,7530,True,2013Q2
60,36,0.7344530602938155,7530,True,2013Q2
60,12,0.9311460725290986,10252,True,2013Q3
60,24,0.8397015986279867,10252,True,2013Q3
60,36,0.7587972799538695,10252,True,2013Q3
60,12,0.9331604278266311,11882,True,2013Q4
60,24,0.8367363246403127,11882,True,2013Q4
60,36,0.7449360539239794,11882,True,2013Q4
60,12,0.9389507177791425,13330,True,2014Q1
60,24,0.8372621088781756,13330,True,2014Q1
60,36,0.7377415840314191,13330,True,2014Q1
60,12,0.9297874985629035,17454,True,2014Q2
60,24,0.8266709906437687,17454,True,2014Q2
60,36,0.723732234613807,17454,True,2014Q2
60,12,0.9235567435511878,18119,True,2014Q3
60,24,0.8127720171254152,18119,True,2014Q3
60,36,0.7139983099287857,18119,True,2014Q3
60,12,0.9313952506048058,24100,True,2014Q4
60,24,0.8246527479400063,24100,True,2014Q4
60,36,0.733253983096702,24100,True,2014Q4
60,12,0.9231513653680595,27641,True,2015Q1
60,24,0.8124106678432477,27641,True,2015Q1
60,36,0.721417808123659,27641,True,2015Q1
60,12,0.9225491679756681,31500,True,2015Q2
60,24,0.8100761085131074,31500,True,2015Q2
60,36,0.7236096282993073,31500,True,2015Q2
60,12,0.9140858352053771,36758,True,2015Q3
60,24,0.8027979498793477,36758,True,2015Q3
60,36,0.7135471500184998,36758,True,2015Q3
60,12,0.9113418231596692,41532,True,2015Q4
60,24,0.7997548370139135,41532,True,2015Q4
60,36,0.7162768345463261,41532,True,2015Q4
60,12,0.9095918983789223,37596,True,2016Q1
60,24,0.7988072945144173,37596,True,2016Q1
60,36,0.7313132667599306,37596,True,2016Q1
60,12,0.9095403565925735,23098,True,2016Q2
60,24,0.8057686819125447,23098,True,2016Q2
60,36,0.7568610038659535,23098,False,2016Q2
60,12,0.9003899427665261,25021,True,2016Q3
60,24,0.7855844969064775,25021,True,2016Q3
60,36,0.7541671858037022,25021,False,2016Q3
60,12,0.9110961525996019,24444,True,2016Q4
60,24,0.8084269489180809,24444,True,2016Q4
60,36,0.7977577105977666,24444,False,2016Q4
60,12,0.9167262620402231,24220,True,2017Q1
60,24,0.8383385980799963,24220,True,2017Q1
60,36,0.8369876156754567,24220,False,2017Q1
60,12,0.9180801333027276,28178,True,2017Q2
60,24,0.8621490830404132,28178,False,2017Q2
60,36,0.8621490830404132,28178,False,2017Q2
60,12,0.9090029286203173,34211,True,2017Q3
60,24,0.8814654850154069,34211,False,2017Q3
60,36,0.8814654850154069,34211,False,2017Q3
60,12,0.9186926683935991,35701,True,2017Q4
60,24,0.9146363122342596,35701,False,2017Q4
60,36,0.9146363122342596,35701,False,2017Q4
60,12,0.9453271709700273,32171,True,2018Q1
60,24,0.944716466112608,32171,False,2018Q1
60,36,0.944716466112608,32171,False,2018Q1
60,12,0.9670470974457146,38963,False,2018Q2
60,24,0.9670470974457146,38963,False,2018Q2
60,36,0.9670470974457146,38963,False,2018Q2
60,12,0.9921091041861796,38352,False,2018Q3
60,24,0.9921091041861796,38352,False,2018Q3
60,36,0.9921091041861796,38352,False,2018Q3
60,12,0.9995698640769631,40006,False,2018Q4
60,24,0.9995698640769631,40006,False,2018Q4
60,36,0.9995698640769631,40006,False,2018Q4
